ProductID,Date,Year,Month,Day,Zip,Units,Revenue,Country
1076,2015-01-20,2015,1,20,72638,1,254.5725,USA
1076,2015-01-21,2015,1,21,47577,1,254.5725,USA
1076,2015-01-28,2015,1,28,34653,1,254.5725,USA
1076,2015-01-31,2015,1,31,84014,1,254.5725,USA
1076,2015-02-01,2015,2,1,75070,1,254.5725,USA
1076,2015-02-01,2015,2,1,87031,1,254.5725,USA
1076,2015-02-03,2015,2,3,72019,1,254.5725,USA
1076,2015-02-03,2015,2,3,72086,1,254.5725,USA
1076,2015-02-03,2015,2,3,77089,2,509.145,USA
1076,2015-02-09,2015,2,9,7649,1,254.5725,USA
1076,2015-02-11,2015,2,11,79705,1,254.5725,USA
1076,2015-02-14,2015,2,14,92624,1,254.5725,USA
1076,2015-02-22,2015,2,22,8527,1,254.5725,USA
1076,2015-02-22,2015,2,22,8816,1,254.5725,USA
1076,2015-02-23,2015,2,23,24740,1,254.5725,USA
1076,2015-02-24,2015,2,24,63023,1,254.5725,USA
1076,2015-02-25,2015,2,25,32503,1,254.5725,USA
1076,2015-02-25,2015,2,25,93523,1,254.5725,USA
1076,2015-02-25,2015,2,25,93657,1,254.5725,USA
1076,2015-02-28,2015,2,28,54139,1,254.5725,USA
1076,2015-02-28,2015,2,28,64060,1,254.5725,USA
1076,2015-02-28,2015,2,28,83236,1,254.5725,USA
1076,2015-02-28,2015,2,28,92340,1,254.5725,USA
1076,2015-03-01,2015,3,1,82801,2,509.145,USA
1076,2015-03-01,2015,3,1,91362,1,254.5725,USA
1076,2015-03-03,2015,3,3,53158,1,254.5725,USA
1076,2015-03-03,2015,3,3,92345,1,254.5725,USA
1076,2015-03-06,2015,3,6,55304,1,254.5725,USA
1076,2015-03-09,2015,3,9,36869,1,254.5725,USA
1076,2015-03-15,2015,3,15,78737,1,254.5725,USA
1076,2015-03-16,2015,3,16,58703,1,254.5725,USA
1076,2015-03-22,2015,3,22,57013,1,254.5725,USA
1076,2015-03-22,2015,3,22,87111,1,254.5725,USA
1076,2015-03-24,2015,3,24,73526,1,254.5725,USA
1076,2015-03-27,2015,3,27,26285,1,254.5725,USA
1076,2015-03-28,2015,3,28,2895,1,254.5725,USA
1076,2015-03-29,2015,3,29,8753,1,254.5725,USA
1076,2015-03-30,2015,3,30,42566,1,254.5725,USA
1076,2015-03-30,2015,3,30,54013,1,254.5725,USA
1076,2015-03-31,2015,3,31,71369,1,254.5725,USA
1076,2015-04-03,2015,4,3,77373,1,254.5725,USA
1076,2015-04-04,2015,4,4,35058,1,254.5725,USA
1076,2015-04-04,2015,4,4,73942,1,254.5725,USA
1076,2015-04-04,2015,4,4,79705,1,254.5725,USA
1076,2015-04-06,2015,4,6,55414,1,254.5725,USA
1076,2015-04-06,2015,4,6,57106,1,254.5725,USA
1076,2015-04-06,2015,4,6,66834,1,254.5725,USA
1076,2015-04-10,2015,4,10,65049,1,254.5725,USA
1076,2015-04-10,2015,4,10,89419,1,254.5725,USA
1076,2015-04-13,2015,4,13,97504,1,254.5725,USA
1076,2015-04-17,2015,4,17,65536,1,254.5725,USA
1076,2015-04-19,2015,4,19,21244,1,254.5725,USA
1076,2015-04-19,2015,4,19,89801,1,254.5725,USA
1076,2015-04-24,2015,4,24,5777,1,254.5725,USA
1076,2015-04-24,2015,4,24,34667,1,254.5725,USA
1076,2015-04-24,2015,4,24,56701,1,254.5725,USA
1076,2015-04-27,2015,4,27,69339,1,254.5725,USA
1076,2015-05-01,2015,5,1,68505,1,254.5725,USA
1076,2015-05-02,2015,5,2,7825,1,254.5725,USA
1076,2015-05-02,2015,5,2,70053,1,254.5725,USA
1076,2015-05-04,2015,5,4,25559,1,254.5725,USA
1076,2015-05-05,2015,5,5,33178,1,254.5725,USA
1076,2015-05-09,2015,5,9,94551,2,509.145,USA
1076,2015-05-10,2015,5,10,50501,1,254.5725,USA
1076,2015-05-12,2015,5,12,38501,1,254.5725,USA
1076,2015-05-15,2015,5,15,67857,1,254.5725,USA
1076,2015-05-16,2015,5,16,63077,1,254.5725,USA
1076,2015-05-19,2015,5,19,2723,1,254.5725,USA
1076,2015-05-19,2015,5,19,99615,1,254.5725,USA
1076,2015-05-23,2015,5,23,91910,1,254.5725,USA
1076,2015-05-24,2015,5,24,77461,1,254.5725,USA
1076,2015-05-26,2015,5,26,41514,1,254.5725,USA
1076,2015-05-30,2015,5,30,54762,1,254.5725,USA
1076,2015-05-30,2015,5,30,75711,1,254.5725,USA
1076,2015-05-30,2015,5,30,85308,1,254.5725,USA
1076,2015-05-31,2015,5,31,85224,1,254.5725,USA
1076,2015-06-06,2015,6,6,26257,1,254.5725,USA
1076,2015-06-06,2015,6,6,41858,1,254.5725,USA
1076,2015-06-06,2015,6,6,97756,1,254.5725,USA
1076,2015-06-07,2015,6,7,78628,1,254.5725,USA
1076,2015-06-08,2015,6,8,21222,1,254.5725,USA
1076,2015-06-14,2015,6,14,20777,1,254.5725,USA
1076,2015-06-14,2015,6,14,32303,1,254.5725,USA
1076,2015-06-14,2015,6,14,66085,1,254.5725,USA
1076,2015-06-16,2015,6,16,7470,1,254.5725,USA
1076,2015-06-16,2015,6,16,21237,1,254.5725,USA
1076,2015-06-20,2015,6,20,21046,1,254.5725,USA
1076,2015-06-21,2015,6,21,6082,1,254.5725,USA
1076,2015-06-28,2015,6,28,1581,1,254.5725,USA
1076,2015-06-29,2015,6,29,93515,1,254.5725,USA
1076,2015-07-05,2015,7,5,55011,1,254.5725,USA
1076,2015-07-06,2015,7,6,21122,1,254.5725,USA
1076,2015-07-07,2015,7,7,21702,1,254.5725,USA
1076,2015-07-11,2015,7,11,35087,1,254.5725,USA
1076,2015-07-12,2015,7,12,72022,2,509.145,USA
1076,2015-07-31,2015,7,31,32571,1,254.5725,USA
1076,2015-08-03,2015,8,3,75414,1,254.5725,USA
1085,2020-12-02,2020,12,2,76234,1,89.1975,USA
1085,2020-12-02,2020,12,2,85301,1,89.1975,USA
1085,2020-12-05,2020,12,5,32341,1,89.1975,USA
1085,2020-12-05,2020,12,5,90745,1,89.1975,USA
1085,2020-12-05,2020,12,5,91325,2,178.395,USA
1085,2020-12-06,2020,12,6,21061,2,178.395,USA
1085,2020-12-06,2020,12,6,21225,1,89.1975,USA
1085,2020-12-06,2020,12,6,32765,1,89.1975,USA
1085,2020-12-06,2020,12,6,93033,2,178.395,USA
1085,2020-12-06,2020,12,6,93103,1,89.1975,USA
1085,2020-12-07,2020,12,7,58504,1,89.1975,USA
1085,2020-12-07,2020,12,7,92346,1,89.1975,USA
1085,2020-12-08,2020,12,8,35242,1,89.1975,USA
1085,2020-12-08,2020,12,8,37072,1,89.1975,USA
1085,2020-12-08,2020,12,8,38655,1,89.1975,USA
1085,2020-12-08,2020,12,8,40701,1,89.1975,USA
1085,2020-12-08,2020,12,8,83709,1,89.1975,USA
1085,2020-12-08,2020,12,8,92109,1,89.1975,USA
1085,2020-12-08,2020,12,8,92694,1,89.1975,USA
1085,2020-12-08,2020,12,8,97131,1,89.1975,USA
1085,2020-12-09,2020,12,9,29153,1,89.1975,USA
1085,2020-12-12,2020,12,12,42754,1,89.1975,USA
1085,2020-12-12,2020,12,12,65243,1,86.5725,USA
1085,2020-12-12,2020,12,12,70560,1,89.1975,USA
1085,2020-12-12,2020,12,12,91384,1,89.1975,USA
1085,2020-12-12,2020,12,12,91910,1,89.1975,USA
1085,2020-12-12,2020,12,12,95377,1,89.1975,USA
1085,2020-12-13,2020,12,13,29520,1,89.1975,USA
1085,2020-12-13,2020,12,13,35242,1,89.1975,USA
1085,2020-12-13,2020,12,13,92301,1,89.1975,USA
1085,2020-12-13,2020,12,13,92329,1,89.1975,USA
1085,2020-12-13,2020,12,13,95630,1,89.1975,USA
1085,2020-12-14,2020,12,14,34614,1,89.1975,USA
1085,2020-12-14,2020,12,14,91350,1,89.1975,USA
1085,2020-12-14,2020,12,14,92316,1,89.1975,USA
1085,2020-12-15,2020,12,15,91901,1,89.1975,USA
1085,2020-12-15,2020,12,15,94513,1,89.1975,USA
1085,2020-12-15,2020,12,15,94565,1,89.1975,USA
1085,2020-12-16,2020,12,16,8753,1,89.1975,USA
1085,2020-12-16,2020,12,16,33178,1,89.1975,USA
1085,2020-12-16,2020,12,16,37215,1,86.5725,USA
1085,2020-12-16,2020,12,16,63051,1,89.1975,USA
1085,2020-12-16,2020,12,16,65721,1,89.1975,USA
1085,2020-12-16,2020,12,16,72223,1,89.1975,USA
1085,2020-12-16,2020,12,16,76230,1,89.1975,USA
1085,2020-12-16,2020,12,16,84655,1,89.1975,USA
1085,2020-12-16,2020,12,16,97708,1,89.1975,USA
1085,2020-12-19,2020,12,19,21029,1,89.1975,USA
1085,2020-12-19,2020,12,19,25159,1,89.1975,USA
1085,2020-12-19,2020,12,19,29526,1,89.1975,USA
1085,2020-12-19,2020,12,19,33880,1,89.1975,USA
1085,2020-12-19,2020,12,19,36279,1,89.1975,USA
1085,2020-12-19,2020,12,19,36305,1,89.1975,USA
1085,2020-12-19,2020,12,19,36362,1,89.1975,USA
1085,2020-12-19,2020,12,19,36732,1,89.1975,USA
1085,2020-12-19,2020,12,19,70058,1,86.5725,USA
1070,2021-07-20,2021,7,20,79109,1,157.4475,USA
1070,2021-07-24,2021,7,24,56007,1,157.4475,USA
1070,2021-07-27,2021,7,27,73401,1,157.4475,USA
1070,2021-07-28,2021,7,28,47630,1,157.4475,USA
1070,2021-08-01,2021,8,1,35071,1,157.4475,USA
1070,2021-08-04,2021,8,4,84720,1,157.4475,USA
1070,2021-08-11,2021,8,11,29687,1,157.4475,USA
1070,2021-08-14,2021,8,14,38834,1,157.4475,USA
1070,2021-08-15,2021,8,15,85755,1,157.4475,USA
1070,2021-08-16,2021,8,16,46122,1,157.4475,USA
1070,2021-08-25,2021,8,25,35125,1,157.4475,USA
1070,2021-08-30,2021,8,30,72150,1,157.4475,USA
1070,2021-09-01,2021,9,1,92881,1,157.4475,USA
1070,2021-09-05,2021,9,5,78217,1,157.4475,USA
1070,2021-09-26,2021,9,26,78040,1,157.4475,USA
1070,2021-09-26,2021,9,26,92557,1,157.4475,USA
1070,2021-09-27,2021,9,27,7405,1,157.4475,USA
1070,2021-10-24,2021,10,24,20705,1,157.4475,USA
1070,2021-10-25,2021,10,25,32127,3,472.3425,USA
1070,2021-10-26,2021,10,26,5201,1,157.4475,USA
1070,2021-10-26,2021,10,26,33569,2,314.895,USA
1070,2021-10-26,2021,10,26,79464,1,157.4475,USA
1070,2021-11-09,2021,11,9,92307,1,157.4475,USA
1070,2021-11-17,2021,11,17,85379,1,157.4475,USA
1070,2021-11-28,2021,11,28,21651,1,157.4475,USA
1070,2021-11-28,2021,11,28,74023,1,157.4475,USA
1070,2021-12-01,2021,12,1,7760,1,157.4475,USA
1070,2021-12-01,2021,12,1,92881,1,157.4475,USA
1070,2021-12-04,2021,12,4,85218,1,157.4475,USA
1070,2021-12-07,2021,12,7,97080,1,157.4475,USA
1070,2021-12-11,2021,12,11,65613,1,157.4475,USA
1070,2021-12-13,2021,12,13,1240,1,157.4475,USA
1070,2021-12-13,2021,12,13,68516,1,157.4475,USA
1070,2021-12-14,2021,12,14,88310,1,157.4475,USA
1070,2021-12-27,2021,12,27,53207,2,314.895,USA
1070,2021-12-27,2021,12,27,92555,1,157.4475,USA
1070,2021-12-28,2021,12,28,6093,1,157.4475,USA
1070,2021-12-28,2021,12,28,91321,1,157.4475,USA
1070,2021-12-29,2021,12,29,85239,1,157.4475,USA
1070,2021-12-30,2021,12,30,75034,1,157.4475,USA
1094,2018-03-03,2018,3,3,75608,1,57.6975,USA
1094,2018-03-03,2018,3,3,92243,1,57.6975,USA
1094,2018-03-06,2018,3,6,73626,1,57.6975,USA
1094,2018-03-06,2018,3,6,95678,1,57.6975,USA
1094,2018-03-07,2018,3,7,25671,1,57.6975,USA
1094,2018-03-07,2018,3,7,52351,1,57.6975,USA
1094,2018-03-10,2018,3,10,63088,1,57.6975,USA
1094,2018-03-10,2018,3,10,88220,1,57.6975,USA
1094,2018-03-14,2018,3,14,68147,1,57.6975,USA
1094,2018-03-14,2018,3,14,70706,1,57.6975,USA
1094,2018-03-24,2018,3,24,83686,1,57.6975,USA
1094,2018-03-27,2018,3,27,35504,1,57.6975,USA
1094,2018-03-28,2018,3,28,53158,1,57.6975,USA
1094,2018-03-28,2018,3,28,83201,1,57.6975,USA
1094,2018-03-28,2018,3,28,94587,1,57.6975,USA
1094,2018-03-31,2018,3,31,54313,1,57.6975,USA
1094,2018-04-02,2018,4,2,68434,1,57.6975,USA
1094,2018-04-09,2018,4,9,71657,1,57.6975,USA
1094,2018-04-09,2018,4,9,97013,1,57.6975,USA
1094,2018-04-15,2018,4,15,76210,1,57.6975,USA
1094,2018-04-15,2018,4,15,94010,1,57.6975,USA
1094,2018-04-16,2018,4,16,46324,1,57.6975,USA
1094,2018-04-17,2018,4,17,37618,1,57.6975,USA
1094,2018-04-17,2018,4,17,72745,1,57.6975,USA
1094,2018-04-22,2018,4,22,20735,1,57.6975,USA
1094,2018-04-23,2018,4,23,46221,1,57.6975,USA
1094,2018-04-30,2018,4,30,95003,1,57.6975,USA
1094,2018-05-01,2018,5,1,90620,1,57.6975,USA
1094,2018-05-02,2018,5,2,78411,1,57.6975,USA
1094,2018-05-06,2018,5,6,54901,1,57.6975,USA
1094,2018-05-06,2018,5,6,75904,1,57.6975,USA
1094,2018-05-14,2018,5,14,99577,1,57.6975,USA
1094,2018-05-20,2018,5,20,84066,1,57.6975,USA
1094,2018-05-23,2018,5,23,32825,1,57.6975,USA
1094,2018-05-23,2018,5,23,68410,1,57.6975,USA
1094,2018-05-27,2018,5,27,29018,1,57.6975,USA
1094,2018-05-27,2018,5,27,40360,1,57.6975,USA
1094,2018-05-27,2018,5,27,54601,1,57.6975,USA
1094,2018-05-27,2018,5,27,78258,1,57.6975,USA
1094,2018-05-28,2018,5,28,94945,1,57.6975,USA
1094,2018-06-02,2018,6,2,70433,1,57.6975,USA
1094,2018-06-16,2018,6,16,84095,1,57.6975,USA
1094,2018-06-16,2018,6,16,97527,1,57.6975,USA
1094,2018-06-20,2018,6,20,85641,1,57.6975,USA
1094,2018-06-24,2018,6,24,40505,1,57.6975,USA
1094,2018-06-26,2018,6,26,21122,1,57.6975,USA
1094,2018-07-02,2018,7,2,39354,1,57.6975,USA
1094,2018-07-07,2018,7,7,71227,1,57.6975,USA
1094,2018-07-16,2018,7,16,67871,1,57.6975,USA
1094,2018-07-28,2018,7,28,64034,1,57.6975,USA
1094,2018-07-29,2018,7,29,40299,1,57.6975,USA
1094,2018-07-29,2018,7,29,66226,1,57.6975,USA
1094,2018-07-31,2018,7,31,59718,1,57.6975,USA
1094,2018-08-29,2018,8,29,64093,1,57.6975,USA
1094,2018-09-02,2018,9,2,76244,1,57.6975,USA
1094,2018-09-08,2018,9,8,37691,1,57.6975,USA
1094,2018-09-29,2018,9,29,29671,1,57.6975,USA
1094,2018-10-08,2018,10,8,93905,1,57.6975,USA
1094,2018-10-14,2018,10,14,51249,1,57.6975,USA
1094,2018-10-27,2018,10,27,76266,1,57.6975,USA
1094,2018-11-07,2018,11,7,38655,1,57.6975,USA
1094,2018-11-10,2018,11,10,1082,1,57.6975,USA
1094,2018-11-10,2018,11,10,46151,1,57.6975,USA
1094,2018-11-19,2018,11,19,34482,1,57.6975,USA
1094,2018-11-24,2018,11,24,38965,1,57.6975,USA
1094,2018-12-03,2018,12,3,32548,1,57.6975,USA
1094,2018-12-08,2018,12,8,75631,1,57.6975,USA
1094,2018-12-11,2018,12,11,39116,1,57.6975,USA
1094,2018-12-12,2018,12,12,39702,1,57.6975,USA
1094,2018-12-15,2018,12,15,39574,1,57.6975,USA
1094,2018-12-16,2018,12,16,83686,1,57.6975,USA
1094,2018-12-18,2018,12,18,71832,1,57.6975,USA
1094,2018-12-22,2018,12,22,6479,1,57.6975,USA
1094,2018-12-22,2018,12,22,34746,1,57.6975,USA
1094,2018-12-22,2018,12,22,78380,1,57.6975,USA
1094,2018-12-22,2018,12,22,95682,1,57.6975,USA
1094,2018-12-23,2018,12,23,70094,1,57.6975,USA
1094,2018-12-23,2018,12,23,94122,1,57.6975,USA
1094,2018-12-29,2018,12,29,38501,1,57.6975,USA
1094,2018-12-29,2018,12,29,76234,1,57.6975,USA
1094,2018-12-29,2018,12,29,82443,1,57.6975,USA
1094,2018-12-30,2018,12,30,63379,1,57.6975,USA
1094,2018-12-30,2018,12,30,91342,1,57.6975,USA
1094,2018-12-30,2018,12,30,92508,2,115.395,USA
1094,2018-12-30,2018,12,30,93033,1,57.6975,USA
1094,2019-01-05,2019,1,5,37763,1,57.6975,USA
1094,2019-01-05,2019,1,5,40031,1,57.6975,USA
1094,2019-01-05,2019,1,5,41621,1,57.6975,USA
1094,2019-01-05,2019,1,5,57718,1,57.6975,USA
1094,2019-01-05,2019,1,5,63341,1,57.6975,USA
1094,2019-01-05,2019,1,5,72065,1,57.6975,USA
1094,2019-01-05,2019,1,5,82716,1,57.6975,USA
1094,2019-01-05,2019,1,5,82727,1,57.6975,USA
1094,2019-01-05,2019,1,5,84042,1,57.6975,USA
1094,2019-01-06,2019,1,6,85037,1,57.6975,USA
1094,2019-01-07,2019,1,7,76542,1,57.6975,USA
1094,2019-01-12,2019,1,12,2864,1,57.6975,USA
1094,2019-01-13,2019,1,13,34986,1,57.6975,USA
1094,2019-01-14,2019,1,14,90712,1,57.6975,USA
1094,2019-01-16,2019,1,16,38701,1,57.6975,USA
1094,2019-01-16,2019,1,16,38732,1,57.6975,USA
1094,2019-01-22,2019,1,22,74533,1,57.6975,USA
1094,2019-01-23,2019,1,23,37830,1,57.6975,USA
1094,2019-01-30,2019,1,30,82001,1,57.6975,USA
1094,2019-01-30,2019,1,30,93001,1,57.6975,USA
1094,2019-01-30,2019,1,30,94401,1,57.6975,USA
1094,2019-02-02,2019,2,2,36854,1,57.6975,USA
1094,2019-02-03,2019,2,3,68516,1,57.6975,USA
1094,2019-02-05,2019,2,5,77450,1,57.6975,USA
1094,2019-02-09,2019,2,9,33068,1,57.6975,USA
1094,2019-02-10,2019,2,10,36863,1,57.6975,USA
1094,2019-02-18,2019,2,18,6107,1,57.6975,USA
1094,2019-02-24,2019,2,24,71655,1,57.6975,USA
1113,2021-07-27,2021,7,27,83001,1,146.9475,USA
1113,2021-07-31,2021,7,31,92883,1,146.9475,USA
1113,2021-08-07,2021,8,7,40337,1,146.9475,USA
1113,2021-08-08,2021,8,8,1527,1,146.9475,USA
1113,2021-08-15,2021,8,15,32808,1,146.9475,USA
1113,2021-08-15,2021,8,15,89815,1,146.9475,USA
1113,2021-08-18,2021,8,18,97838,1,146.9475,USA
1113,2021-08-21,2021,8,21,92545,1,146.9475,USA
1113,2021-08-30,2021,8,30,78608,1,146.9475,USA
1113,2021-09-12,2021,9,12,95682,1,146.9475,USA
1113,2021-09-13,2021,9,13,77520,1,146.9475,USA
1113,2021-09-25,2021,9,25,47620,1,146.9475,USA
1113,2021-10-10,2021,10,10,6790,1,146.9475,USA
1113,2021-10-26,2021,10,26,32738,1,146.9475,USA
1113,2021-11-01,2021,11,1,89139,1,146.9475,USA
1113,2021-11-30,2021,11,30,7726,1,146.9475,USA
1113,2021-12-04,2021,12,4,95726,1,146.9475,USA
1113,2021-12-07,2021,12,7,70633,1,146.9475,USA
1113,2021-12-27,2021,12,27,78251,1,146.9475,USA
1113,2021-12-29,2021,12,29,95610,1,146.9475,USA
1080,2015-05-09,2015,5,9,2093,1,265.0725,USA
1080,2015-05-09,2015,5,9,89032,1,265.0725,USA
1080,2015-05-09,2015,5,9,97739,1,265.0725,USA
1080,2015-05-23,2015,5,23,83002,1,265.0725,USA
1080,2015-05-31,2015,5,31,93221,1,262.4475,USA
1080,2015-06-20,2015,6,20,84109,1,265.0725,USA
1080,2015-06-20,2015,6,20,84116,1,265.0725,USA
1080,2015-06-28,2015,6,28,97322,1,265.0725,USA
1080,2015-09-06,2015,9,6,97477,1,265.0725,USA
1080,2015-09-15,2015,9,15,7052,1,265.0725,USA
1080,2015-11-16,2015,11,16,95746,1,265.0725,USA
1080,2015-11-27,2015,11,27,84660,2,530.145,USA
1080,2016-03-21,2016,3,21,83714,1,265.0725,USA
1080,2016-03-23,2016,3,23,70072,1,265.0725,USA
1080,2016-04-11,2016,4,11,89131,1,265.0725,USA
1080,2017-07-25,2017,7,25,32808,1,265.0725,USA
1081,2014-01-15,2014,1,15,6457,1,225.6975,USA
1081,2014-01-15,2014,1,15,39402,1,225.6975,USA
1081,2014-01-15,2014,1,15,74070,1,225.6975,USA
1081,2014-01-15,2014,1,15,95926,1,225.6975,USA
1081,2014-01-15,2014,1,15,97201,1,225.6975,USA
1081,2014-02-15,2014,2,15,97013,1,225.6975,USA
1081,2014-03-15,2014,3,15,2830,1,225.6975,USA
1081,2014-03-15,2014,3,15,6071,1,225.6975,USA
1081,2014-03-15,2014,3,15,64151,1,225.6975,USA
1081,2014-03-15,2014,3,15,96001,1,225.6975,USA
1081,2014-04-15,2014,4,15,1077,1,225.6975,USA
1081,2014-04-15,2014,4,15,21030,1,225.6975,USA
1081,2014-04-15,2014,4,15,46996,1,225.6975,USA
1081,2014-04-15,2014,4,15,51501,1,225.6975,USA
1081,2014-04-15,2014,4,15,56007,1,225.6975,USA
1081,2014-04-15,2014,4,15,79119,1,225.6975,USA
1081,2014-04-15,2014,4,15,83647,2,451.395,USA
1081,2014-04-15,2014,4,15,84010,1,225.6975,USA
1081,2014-04-15,2014,4,15,84414,1,225.6975,USA
1081,2014-04-15,2014,4,15,97206,1,225.6975,USA
1081,2014-04-15,2014,4,15,99669,1,225.6975,USA
1081,2014-05-15,2014,5,15,21901,1,225.6975,USA
1081,2014-05-15,2014,5,15,35475,1,225.6975,USA
1081,2014-05-15,2014,5,15,63304,1,225.6975,USA
1081,2014-05-15,2014,5,15,78501,1,225.6975,USA
1081,2014-05-15,2014,5,15,92807,1,225.6975,USA
1081,2014-05-15,2014,5,15,97123,1,225.6975,USA
1081,2014-06-15,2014,6,15,2048,1,225.6975,USA
1081,2014-06-15,2014,6,15,35126,1,225.6975,USA
1081,2014-06-15,2014,6,15,47448,1,225.6975,USA
1081,2014-06-15,2014,6,15,54701,1,225.6975,USA
1081,2014-06-15,2014,6,15,66109,1,225.6975,USA
1081,2014-06-15,2014,6,15,68310,1,225.6975,USA
1081,2014-06-15,2014,6,15,83642,1,225.6975,USA
1081,2014-07-15,2014,7,15,5301,1,228.3225,USA
1081,2014-07-15,2014,7,15,26416,1,228.3225,USA
1081,2014-07-15,2014,7,15,42553,1,228.3225,USA
1081,2014-07-15,2014,7,15,57702,1,225.6975,USA
1081,2014-07-15,2014,7,15,63016,1,225.6975,USA
1081,2014-07-15,2014,7,15,73067,1,228.3225,USA
1081,2014-07-15,2014,7,15,75028,1,225.6975,USA
1081,2014-07-15,2014,7,15,78628,1,228.3225,USA
1081,2014-07-15,2014,7,15,83544,1,225.6975,USA
1081,2014-08-15,2014,8,15,8534,1,225.6975,USA
1081,2014-08-15,2014,8,15,20747,1,228.3225,USA
1081,2014-08-15,2014,8,15,35007,1,228.3225,USA
1081,2014-08-15,2014,8,15,65010,1,228.3225,USA
1081,2014-08-15,2014,8,15,76015,1,225.6975,USA
1081,2014-08-15,2014,8,15,83455,1,228.3225,USA
1081,2014-09-15,2014,9,15,33946,1,225.6975,USA
1081,2014-09-15,2014,9,15,37075,1,228.3225,USA
1081,2014-09-15,2014,9,15,97038,1,228.3225,USA
1081,2014-10-15,2014,10,15,7420,1,228.3225,USA
1081,2014-10-15,2014,10,15,29483,1,228.3225,USA
1081,2014-10-15,2014,10,15,66061,1,228.3225,USA
1086,2019-07-19,2019,7,19,92345,1,86.5725,USA
1086,2019-07-19,2019,7,19,92504,1,86.5725,USA
1086,2019-07-20,2019,7,20,71943,1,86.5725,USA
1086,2019-07-21,2019,7,21,42049,1,86.5725,USA
1086,2019-07-21,2019,7,21,55904,1,83.9475,USA
1086,2019-07-21,2019,7,21,73099,1,86.5725,USA
1086,2019-07-21,2019,7,21,92883,1,86.5725,USA
1086,2019-07-23,2019,7,23,6057,1,86.5725,USA
1086,2019-07-26,2019,7,26,75495,2,173.145,USA
1086,2019-07-26,2019,7,26,77901,1,86.5725,USA
1086,2019-07-26,2019,7,26,92807,1,86.5725,USA
1086,2019-07-27,2019,7,27,95424,1,86.5725,USA
1086,2019-07-28,2019,7,28,2360,1,83.9475,USA
1086,2019-07-28,2019,7,28,66801,1,86.5725,USA
1086,2019-07-28,2019,7,28,95304,1,86.5725,USA
1086,2019-07-30,2019,7,30,55345,1,89.1975,USA
1086,2019-07-30,2019,7,30,65065,1,86.5725,USA
1086,2019-08-02,2019,8,2,33549,1,86.5725,USA
1086,2019-08-03,2019,8,3,55128,1,83.9475,USA
1086,2019-08-03,2019,8,3,68743,1,83.9475,USA
1086,2019-08-03,2019,8,3,69301,1,86.5725,USA
1086,2019-08-03,2019,8,3,95430,1,86.5725,USA
1086,2019-08-04,2019,8,4,21771,1,86.5725,USA
1086,2019-08-04,2019,8,4,40337,1,86.5725,USA
1086,2019-08-04,2019,8,4,84003,1,86.5725,USA
1086,2019-08-05,2019,8,5,29436,1,86.5725,USA
1086,2019-08-05,2019,8,5,95628,1,86.5725,USA
1086,2019-08-10,2019,8,10,21050,1,86.5725,USA
1086,2019-08-10,2019,8,10,46366,1,86.5725,USA
1086,2019-08-11,2019,8,11,32780,1,86.5725,USA
1086,2019-08-12,2019,8,12,85048,2,173.145,USA
1086,2019-08-12,2019,8,12,86515,1,83.9475,USA
1086,2019-08-16,2019,8,16,21703,1,86.5725,USA
1086,2019-08-17,2019,8,17,1570,1,83.9475,USA
1086,2019-08-17,2019,8,17,2874,1,86.5725,USA
1086,2019-08-18,2019,8,18,63034,1,86.5725,USA
1086,2019-08-18,2019,8,18,76017,1,86.5725,USA
1086,2019-08-18,2019,8,18,79010,1,86.5725,USA
1086,2019-08-18,2019,8,18,95242,1,86.5725,USA
1086,2019-08-20,2019,8,20,55011,1,86.5725,USA
1086,2019-08-23,2019,8,23,6783,1,86.5725,USA
1086,2019-08-23,2019,8,23,92504,1,86.5725,USA
1086,2019-08-23,2019,8,23,95619,1,86.5725,USA
1086,2019-08-24,2019,8,24,54017,1,86.5725,USA
1086,2019-08-24,2019,8,24,90745,1,86.5725,USA
1086,2019-08-25,2019,8,25,74601,1,86.5725,USA
1086,2019-08-25,2019,8,25,94521,1,86.5725,USA
1086,2019-08-26,2019,8,26,6072,1,86.5725,USA
1086,2019-08-26,2019,8,26,50566,1,86.5725,USA
1086,2019-08-27,2019,8,27,95687,1,86.5725,USA
1086,2019-08-30,2019,8,30,55017,1,86.5725,USA
1086,2019-08-30,2019,8,30,63368,1,86.5725,USA
1086,2019-08-31,2019,8,31,77665,1,86.5725,USA
1086,2019-09-01,2019,9,1,35004,1,86.5725,USA
1086,2019-09-01,2019,9,1,76016,1,86.5725,USA
1086,2019-09-02,2019,9,2,36785,1,86.5725,USA
1086,2019-09-02,2019,9,2,46062,1,86.5725,USA
1086,2019-09-02,2019,9,2,91737,1,86.5725,USA
1086,2019-09-02,2019,9,2,92314,1,86.5725,USA
1086,2019-09-03,2019,9,3,65616,1,86.5725,USA
1086,2019-09-07,2019,9,7,70570,1,86.5725,USA
1086,2019-09-07,2019,9,7,91763,1,86.5725,USA
1085,2017-10-23,2017,10,23,8075,1,84.0,USA
1085,2017-10-23,2017,10,23,46322,1,89.1975,USA
1085,2017-10-23,2017,10,23,63012,1,84.0,USA
1085,2017-10-23,2017,10,23,91737,1,89.1975,USA
1085,2017-10-24,2017,10,24,95376,1,89.1975,USA
1085,2017-10-25,2017,10,25,90701,1,89.1975,USA
1085,2017-10-29,2017,10,29,95687,1,89.1975,USA
1085,2017-10-30,2017,10,30,40118,1,89.1975,USA
1085,2017-10-30,2017,10,30,95023,1,89.1975,USA
1085,2017-10-31,2017,10,31,77506,1,89.1975,USA
1085,2017-11-05,2017,11,5,75980,1,89.1975,USA
1085,2017-11-05,2017,11,5,85737,1,89.1975,USA
1085,2017-11-11,2017,11,11,70726,1,89.1975,USA
1085,2017-11-11,2017,11,11,95695,1,89.1975,USA
1085,2017-11-12,2017,11,12,37115,1,89.1975,USA
1085,2017-11-15,2017,11,15,38401,1,84.0,USA
1085,2017-11-18,2017,11,18,40071,1,89.1975,USA
1085,2017-11-18,2017,11,18,42101,1,84.0,USA
1085,2017-11-18,2017,11,18,95020,1,89.1975,USA
1085,2017-11-19,2017,11,19,7076,1,84.0,USA
1085,2017-11-19,2017,11,19,37318,1,89.1975,USA
1085,2017-11-19,2017,11,19,92586,1,89.1975,USA
1085,2017-11-20,2017,11,20,94550,1,89.1975,USA
1085,2017-11-27,2017,11,27,33823,1,89.1975,USA
1085,2017-11-27,2017,11,27,92503,1,89.1975,USA
1085,2017-12-02,2017,12,2,64485,1,89.1975,USA
1085,2017-12-02,2017,12,2,94533,1,89.1975,USA
1085,2017-12-03,2017,12,3,46151,1,89.1975,USA
1085,2017-12-03,2017,12,3,75090,1,89.1975,USA
1085,2017-12-03,2017,12,3,96003,1,89.1975,USA
1085,2017-12-05,2017,12,5,83651,1,89.1975,USA
1085,2017-12-06,2017,12,6,21202,1,89.1975,USA
1085,2017-12-06,2017,12,6,92879,1,89.1975,USA
1085,2017-12-09,2017,12,9,84790,1,89.1975,USA
1085,2017-12-10,2017,12,10,70501,1,89.1975,USA
1085,2017-12-10,2017,12,10,72734,1,89.1975,USA
1085,2017-12-10,2017,12,10,95682,1,89.1975,USA
1085,2017-12-11,2017,12,11,7677,1,89.1975,USA
1085,2017-12-12,2017,12,12,8831,1,89.1975,USA
1085,2017-12-12,2017,12,12,65201,1,89.1975,USA
1085,2017-12-12,2017,12,12,95709,1,89.1975,USA
1085,2017-12-13,2017,12,13,8088,1,84.0,USA
1085,2017-12-13,2017,12,13,78412,1,89.1975,USA
1085,2017-12-13,2017,12,13,82520,1,84.0,USA
1085,2017-12-16,2017,12,16,32571,1,89.1975,USA
1085,2017-12-16,2017,12,16,35016,1,89.1975,USA
1085,2017-12-16,2017,12,16,92881,1,89.1975,USA
1085,2017-12-17,2017,12,17,72761,1,89.1975,USA
1085,2017-12-17,2017,12,17,76028,1,89.1975,USA
1085,2017-12-17,2017,12,17,90620,1,89.1975,USA
1085,2017-12-18,2017,12,18,33710,1,89.1975,USA
1085,2017-12-18,2017,12,18,70817,1,89.1975,USA
1085,2017-12-18,2017,12,18,75035,1,89.1975,USA
1085,2017-12-19,2017,12,19,19701,1,89.1975,USA
1085,2017-12-20,2017,12,20,6351,1,89.1975,USA
1085,2017-12-20,2017,12,20,33543,1,84.0,USA
1085,2017-12-20,2017,12,20,38017,1,84.0,USA
1085,2017-12-20,2017,12,20,73651,1,89.1975,USA
1085,2017-12-20,2017,12,20,92026,1,89.1975,USA
1085,2017-12-20,2017,12,20,92078,1,89.1975,USA
1085,2017-12-23,2017,12,23,2333,1,89.1975,USA
1085,2017-12-23,2017,12,23,39350,1,89.1975,USA
1085,2017-12-26,2017,12,26,70560,1,84.0,USA
1085,2017-12-26,2017,12,26,77306,1,89.1975,USA
1085,2017-12-26,2017,12,26,93004,1,89.1975,USA
1085,2017-12-26,2017,12,26,94580,1,89.1975,USA
1085,2017-12-26,2017,12,26,95667,2,178.395,USA
1085,2017-12-27,2017,12,27,19711,1,84.0,USA
1085,2017-12-27,2017,12,27,29078,1,84.0,USA
1085,2017-12-27,2017,12,27,36037,1,84.0,USA
1085,2017-12-27,2017,12,27,68715,1,89.1975,USA
1085,2017-12-27,2017,12,27,70563,1,84.0,USA
1085,2017-12-27,2017,12,27,84027,1,89.1975,USA
1085,2017-12-27,2017,12,27,86412,1,89.1975,USA
1085,2017-12-30,2017,12,30,2536,1,84.0,USA
1085,2017-12-30,2017,12,30,2766,1,89.1975,USA
1085,2017-12-30,2017,12,30,8037,1,89.1975,USA
1085,2017-12-30,2017,12,30,29585,1,89.1975,USA
1085,2017-12-30,2017,12,30,33803,1,89.1975,USA
1085,2017-12-30,2017,12,30,37921,1,84.0,USA
1085,2017-12-30,2017,12,30,46385,1,89.1975,USA
1085,2017-12-30,2017,12,30,71639,1,89.1975,USA
1085,2017-12-30,2017,12,30,92503,1,89.1975,USA
1085,2017-12-31,2017,12,31,21034,1,89.1975,USA
1085,2017-12-31,2017,12,31,29461,1,89.1975,USA
1085,2017-12-31,2017,12,31,29841,1,89.1975,USA
1085,2017-12-31,2017,12,31,37617,1,89.1975,USA
1085,2017-12-26,2017,12,26,8753,1,89.1975,USA
1085,2017-12-26,2017,12,26,32404,1,89.1975,USA
1085,2017-12-26,2017,12,26,46214,1,89.1975,USA
1085,2017-12-26,2017,12,26,52154,1,89.1975,USA
1085,2017-12-26,2017,12,26,53810,1,89.1975,USA
1085,2017-12-26,2017,12,26,55082,1,84.0,USA
1085,2017-12-26,2017,12,26,57110,1,89.1975,USA
1085,2017-12-26,2017,12,26,75154,1,84.0,USA
1085,2017-12-26,2017,12,26,84004,1,89.1975,USA
1085,2017-12-26,2017,12,26,85259,1,89.1975,USA
1085,2017-12-26,2017,12,26,93901,1,89.1975,USA
1085,2017-12-27,2017,12,27,29126,1,84.0,USA
1085,2017-12-27,2017,12,27,29631,1,89.1975,USA
1085,2017-12-27,2017,12,27,33067,1,84.0,USA
1085,2017-12-27,2017,12,27,54915,1,89.1975,USA
1085,2017-12-27,2017,12,27,70360,1,89.1975,USA
1085,2017-12-27,2017,12,27,93536,1,89.1975,USA
1085,2017-12-30,2017,12,30,29715,1,89.1975,USA
1085,2017-12-30,2017,12,30,36078,1,89.1975,USA
1085,2017-12-30,2017,12,30,37311,1,89.1975,USA
1085,2017-12-30,2017,12,30,58105,1,84.0,USA
1085,2017-12-30,2017,12,30,63141,1,89.1975,USA
1085,2017-12-30,2017,12,30,84088,1,89.1975,USA
1085,2017-12-30,2017,12,30,85248,1,89.1975,USA
1085,2017-12-30,2017,12,30,94517,1,89.1975,USA
1085,2017-12-30,2017,12,30,96093,1,89.1975,USA
1085,2017-12-31,2017,12,31,6472,1,89.1975,USA
1085,2017-12-31,2017,12,31,7005,1,89.1975,USA
1085,2017-12-31,2017,12,31,38671,1,89.1975,USA
1085,2017-12-31,2017,12,31,39466,1,84.0,USA
1085,2017-12-31,2017,12,31,53807,1,89.1975,USA
1085,2017-12-31,2017,12,31,55318,1,89.1975,USA
1085,2017-12-31,2017,12,31,68601,1,89.1975,USA
1085,2017-12-31,2017,12,31,75602,1,89.1975,USA
1085,2017-12-31,2017,12,31,78620,1,89.1975,USA
1085,2018-01-02,2018,1,2,35243,1,89.1975,USA
1085,2018-01-02,2018,1,2,59860,1,89.1975,USA
1085,2018-01-02,2018,1,2,65281,1,84.0,USA
1085,2018-01-02,2018,1,2,85044,1,89.1975,USA
1085,2018-01-02,2018,1,2,90034,1,89.1975,USA
1085,2018-01-03,2018,1,3,32080,1,89.1975,USA
1085,2018-01-03,2018,1,3,90262,1,89.1975,USA
1085,2018-01-06,2018,1,6,95682,2,178.395,USA
1085,2018-01-09,2018,1,9,42211,1,84.0,USA
1085,2018-01-10,2018,1,10,94551,1,89.1975,USA
1085,2018-01-13,2018,1,13,95667,1,89.1975,USA
1085,2018-01-14,2018,1,14,93727,1,89.1975,USA
1085,2018-01-15,2018,1,15,92860,1,89.1975,USA
1085,2018-01-16,2018,1,16,67401,1,84.0,USA
1085,2018-01-20,2018,1,20,47501,1,89.1975,USA
1085,2018-01-20,2018,1,20,89143,1,89.1975,USA
1085,2018-01-21,2018,1,21,79925,1,84.0,USA
1085,2018-01-23,2018,1,23,77346,1,84.0,USA
1085,2018-01-24,2018,1,24,91740,1,89.1975,USA
1085,2018-01-24,2018,1,24,93063,1,89.1975,USA
1085,2018-01-27,2018,1,27,74402,1,84.0,USA
1085,2018-01-28,2018,1,28,34772,1,89.1975,USA
1085,2018-01-29,2018,1,29,91780,1,89.1975,USA
1085,2018-01-30,2018,1,30,97128,1,89.1975,USA
1085,2018-02-03,2018,2,3,74641,1,89.1975,USA
1085,2018-02-04,2018,2,4,76082,1,89.1975,USA
1085,2018-02-04,2018,2,4,86403,1,89.1975,USA
1085,2018-02-04,2018,2,4,92143,1,89.1975,USA
1085,2018-02-04,2018,2,4,95123,1,89.1975,USA
1085,2018-02-05,2018,2,5,93551,1,89.1975,USA
1085,2018-02-06,2018,2,6,69337,1,84.0,USA
1066,2017-03-27,2017,3,27,21014,1,304.4475,USA
1066,2017-03-27,2017,3,27,25515,1,304.4475,USA
1066,2017-03-27,2017,3,27,74133,1,304.4475,USA
1066,2017-03-27,2017,3,27,93308,1,304.4475,USA
1066,2017-03-27,2017,3,27,95687,1,304.4475,USA
1066,2017-03-28,2017,3,28,26456,2,608.895,USA
1066,2017-03-28,2017,3,28,55024,1,304.4475,USA
1066,2017-04-02,2017,4,2,79423,1,304.4475,USA
1066,2017-04-02,2017,4,2,84414,1,304.4475,USA
1066,2017-04-02,2017,4,2,89032,1,304.4475,USA
1066,2017-04-02,2017,4,2,92102,1,304.4475,USA
1066,2017-04-03,2017,4,3,90039,1,304.4475,USA
1066,2017-04-05,2017,4,5,57103,1,304.4475,USA
1066,2017-04-05,2017,4,5,92382,1,304.4475,USA
1066,2017-04-12,2017,4,12,64492,1,304.4475,USA
1066,2017-04-16,2017,4,16,53072,1,304.4475,USA
1066,2017-04-18,2017,4,18,21157,1,304.4475,USA
1066,2017-04-18,2017,4,18,21797,1,304.4475,USA
1066,2017-04-22,2017,4,22,7480,1,304.4475,USA
1066,2017-04-22,2017,4,22,38565,1,304.4475,USA
1066,2017-04-22,2017,4,22,42071,1,304.4475,USA
1066,2017-04-23,2017,4,23,93308,1,304.4475,USA
1066,2017-04-29,2017,4,29,83544,1,304.4475,USA
1066,2017-04-30,2017,4,30,90732,1,304.4475,USA
1066,2017-05-01,2017,5,1,84092,1,304.4475,USA
1066,2017-05-02,2017,5,2,84321,1,304.4475,USA
1066,2017-05-03,2017,5,3,46217,1,304.4475,USA
1066,2017-05-03,2017,5,3,84014,1,304.4475,USA
1066,2017-05-07,2017,5,7,82336,1,304.4475,USA
1066,2017-05-08,2017,5,8,85242,1,304.4475,USA
1066,2017-05-13,2017,5,13,32776,1,304.4475,USA
1066,2017-05-15,2017,5,15,91932,1,304.4475,USA
1066,2017-05-16,2017,5,16,92256,1,304.4475,USA
1066,2017-05-21,2017,5,21,37146,1,304.4475,USA
1066,2017-05-22,2017,5,22,92821,1,304.4475,USA
1066,2017-05-29,2017,5,29,82721,1,304.4475,USA
1066,2017-05-30,2017,5,30,6840,1,304.4475,USA
1066,2017-05-30,2017,5,30,55783,1,304.4475,USA
1066,2017-05-30,2017,5,30,55964,1,304.4475,USA
1066,2017-05-30,2017,5,30,82501,1,304.4475,USA
1066,2017-05-31,2017,5,31,76088,1,304.4475,USA
1066,2017-05-31,2017,5,31,79928,1,304.4475,USA
1066,2017-05-31,2017,5,31,91941,1,304.4475,USA
1066,2017-06-04,2017,6,4,74401,1,304.4475,USA
1066,2017-06-04,2017,6,4,77708,1,304.4475,USA
1066,2017-06-18,2017,6,18,47022,1,304.4475,USA
1066,2017-06-18,2017,6,18,97267,1,304.4475,USA
1066,2017-06-19,2017,6,19,42262,1,304.4475,USA
1066,2017-06-24,2017,6,24,84098,1,304.4475,USA
1066,2017-06-25,2017,6,25,57702,1,304.4475,USA
1066,2017-06-25,2017,6,25,71118,1,304.4475,USA
1066,2017-06-27,2017,6,27,83404,1,304.4475,USA
1066,2017-06-28,2017,6,28,93023,1,304.4475,USA
1066,2017-07-08,2017,7,8,92625,1,304.4475,USA
1066,2017-07-08,2017,7,8,97211,1,304.4475,USA
1066,2017-07-08,2017,7,8,97229,1,304.4475,USA
1066,2017-07-11,2017,7,11,91030,1,304.4475,USA
1066,2017-07-17,2017,7,17,82939,1,304.4475,USA
1066,2017-07-18,2017,7,18,65065,1,304.4475,USA
1066,2017-07-26,2017,7,26,92845,1,304.4475,USA
1066,2017-07-26,2017,7,26,95010,1,304.4475,USA
1066,2017-07-31,2017,7,31,6260,1,304.4475,USA
1066,2017-07-31,2017,7,31,53185,1,304.4475,USA
1066,2017-07-31,2017,7,31,78221,1,304.4475,USA
1066,2017-07-31,2017,7,31,93720,1,304.4475,USA
1066,2017-08-06,2017,8,6,1507,1,304.4475,USA
1066,2017-08-07,2017,8,7,95626,1,304.4475,USA
1066,2017-08-13,2017,8,13,34685,1,304.4475,USA
1066,2017-08-15,2017,8,15,92020,1,304.4475,USA
1066,2017-08-19,2017,8,19,53573,1,304.4475,USA
1066,2017-08-19,2017,8,19,92840,1,304.4475,USA
1066,2017-08-20,2017,8,20,1083,1,304.4475,USA
1066,2017-08-27,2017,8,27,92028,1,304.4475,USA
1066,2017-08-28,2017,8,28,38117,1,304.4475,USA
1066,2017-08-28,2017,8,28,72401,1,304.4475,USA
1066,2017-08-28,2017,8,28,94521,1,304.4475,USA
1066,2017-08-29,2017,8,29,92064,1,304.4475,USA
1066,2017-09-03,2017,9,3,46123,2,608.895,USA
1066,2017-09-03,2017,9,3,92705,1,304.4475,USA
1066,2017-09-10,2017,9,10,85335,1,304.4475,USA
1066,2017-09-11,2017,9,11,54016,1,309.6975,USA
1066,2017-09-16,2017,9,16,56011,1,309.6975,USA
1066,2017-09-16,2017,9,16,82009,1,309.6975,USA
1066,2017-09-17,2017,9,17,92354,1,309.6975,USA
1066,2017-09-18,2017,9,18,40484,1,309.6975,USA
1066,2017-09-19,2017,9,19,20814,1,309.6975,USA
1085,2021-09-27,2021,9,27,40356,1,89.1975,USA
1085,2021-09-27,2021,9,27,47408,1,89.1975,USA
1085,2021-09-29,2021,9,29,32750,1,89.1975,USA
1085,2021-09-29,2021,9,29,34743,1,89.1975,USA
1085,2021-09-29,2021,9,29,86327,1,89.1975,USA
1085,2021-09-29,2021,9,29,89441,1,89.1975,USA
1085,2021-09-29,2021,9,29,92078,1,89.1975,USA
1085,2021-09-29,2021,9,29,92277,1,89.1975,USA
1085,2021-09-29,2021,9,29,92376,1,89.1975,USA
1085,2021-10-02,2021,10,2,37618,1,89.1975,USA
1085,2021-10-02,2021,10,2,74042,1,89.1975,USA
1085,2021-10-04,2021,10,4,92399,1,89.1975,USA
1085,2021-10-09,2021,10,9,6331,1,89.1975,USA
1085,2021-10-09,2021,10,9,26101,1,89.1975,USA
1085,2021-10-09,2021,10,9,75604,1,89.1975,USA
1085,2021-10-09,2021,10,9,83202,1,89.1975,USA
1085,2021-10-11,2021,10,11,92307,1,89.1975,USA
1085,2021-10-11,2021,10,11,92345,1,89.1975,USA
1085,2021-10-16,2021,10,16,25530,1,89.1975,USA
1085,2021-10-16,2021,10,16,34994,1,89.1975,USA
1085,2021-10-16,2021,10,16,50620,1,89.1975,USA
1085,2021-10-16,2021,10,16,53184,1,89.1975,USA
1085,2021-10-17,2021,10,17,92083,1,89.1975,USA
1085,2021-10-19,2021,10,19,38305,1,89.1975,USA
1085,2021-10-20,2021,10,20,92586,1,89.1975,USA
1085,2021-10-23,2021,10,23,29576,1,89.1975,USA
1085,2021-10-23,2021,10,23,71107,1,89.1975,USA
1085,2021-10-23,2021,10,23,94506,1,89.1975,USA
1085,2021-10-23,2021,10,23,95065,1,89.1975,USA
1085,2021-10-23,2021,10,23,97405,1,89.1975,USA
1085,2021-10-24,2021,10,24,73507,1,89.1975,USA
1085,2021-10-24,2021,10,24,75077,1,89.1975,USA
1085,2021-10-25,2021,10,25,32772,1,89.1975,USA
1085,2021-10-25,2021,10,25,39236,1,89.1975,USA
1085,2021-10-25,2021,10,25,94598,1,89.1975,USA
1085,2021-10-26,2021,10,26,83704,1,89.1975,USA
1085,2021-10-26,2021,10,26,92586,1,89.1975,USA
1085,2021-10-26,2021,10,26,97204,1,89.1975,USA
1085,2021-10-26,2021,10,26,97756,1,89.1975,USA
1085,2021-10-27,2021,10,27,85382,1,89.1975,USA
1085,2021-10-30,2021,10,30,1505,1,89.1975,USA
1085,2021-10-30,2021,10,30,33478,1,89.1975,USA
1085,2021-10-30,2021,10,30,55397,1,89.1975,USA
1085,2021-10-31,2021,10,31,1520,1,89.1975,USA
1085,2021-10-31,2021,10,31,6484,1,89.1975,USA
1085,2021-10-31,2021,10,31,74437,1,89.1975,USA
1085,2021-10-31,2021,10,31,92243,1,89.1975,USA
1085,2021-11-01,2021,11,1,77055,1,89.1975,USA
1085,2021-11-02,2021,11,2,6374,1,89.1975,USA
1085,2021-11-02,2021,11,2,92392,2,178.395,USA
1085,2021-11-06,2021,11,6,46514,1,86.5725,USA
1085,2021-11-06,2021,11,6,92084,1,89.1975,USA
1085,2021-11-07,2021,11,7,37777,1,89.1975,USA
1085,2021-11-07,2021,11,7,50047,1,89.1975,USA
1085,2021-11-07,2021,11,7,51234,2,178.395,USA
1085,2021-11-07,2021,11,7,77382,1,89.1975,USA
1085,2021-11-07,2021,11,7,85383,1,89.1975,USA
1085,2021-11-07,2021,11,7,91387,1,89.1975,USA
1085,2021-11-07,2021,11,7,93536,1,89.1975,USA
1085,2021-11-07,2021,11,7,94548,1,89.1975,USA
1085,2021-11-09,2021,11,9,8096,1,89.1975,USA
1085,2021-11-09,2021,11,9,91752,1,89.1975,USA
1085,2021-11-10,2021,11,10,91390,2,178.395,USA
1085,2021-11-10,2021,11,10,92551,1,89.1975,USA
1085,2021-11-10,2021,11,10,92840,1,89.1975,USA
1085,2021-11-13,2021,11,13,3431,1,89.1975,USA
1085,2021-11-13,2021,11,13,90220,1,89.1975,USA
1085,2020-12-19,2020,12,19,75791,2,178.395,USA
1085,2020-12-19,2020,12,19,91764,1,89.1975,USA
1085,2020-12-19,2020,12,19,95953,1,89.1975,USA
1085,2020-12-19,2020,12,19,97470,1,89.1975,USA
1085,2020-12-20,2020,12,20,19975,1,89.1975,USA
1085,2020-12-20,2020,12,20,20902,1,89.1975,USA
1085,2020-12-20,2020,12,20,38139,1,89.1975,USA
1085,2020-12-20,2020,12,20,79545,1,89.1975,USA
1085,2020-12-20,2020,12,20,87022,1,89.1975,USA
1085,2020-12-20,2020,12,20,93905,1,89.1975,USA
1085,2020-12-20,2020,12,20,95630,1,89.1975,USA
1085,2020-12-20,2020,12,20,95762,1,89.1975,USA
1085,2020-12-20,2020,12,20,95963,1,89.1975,USA
1085,2020-12-21,2020,12,21,20874,1,89.1975,USA
1085,2020-12-21,2020,12,21,42368,1,89.1975,USA
1085,2020-12-21,2020,12,21,70816,1,89.1975,USA
1085,2020-12-21,2020,12,21,85365,1,89.1975,USA
1085,2020-12-21,2020,12,21,88211,1,89.1975,USA
1085,2020-12-21,2020,12,21,93611,1,89.1975,USA
1085,2020-12-21,2020,12,21,95623,1,89.1975,USA
1085,2020-12-21,2020,12,21,95630,2,178.395,USA
1085,2020-12-22,2020,12,22,91320,2,178.395,USA
1085,2020-12-27,2020,12,27,2072,1,89.1975,USA
1085,2020-12-27,2020,12,27,6479,1,89.1975,USA
1085,2020-12-27,2020,12,27,8052,1,89.1975,USA
1085,2020-12-27,2020,12,27,8527,1,89.1975,USA
1085,2020-12-27,2020,12,27,25621,1,89.1975,USA
1085,2020-12-27,2020,12,27,33609,1,89.1975,USA
1085,2020-12-27,2020,12,27,33839,1,89.1975,USA
1085,2020-12-27,2020,12,27,50072,1,89.1975,USA
1085,2020-12-27,2020,12,27,66523,1,86.5725,USA
1085,2020-12-27,2020,12,27,71006,1,89.1975,USA
1085,2020-12-27,2020,12,27,73004,1,89.1975,USA
1085,2020-12-27,2020,12,27,73505,1,89.1975,USA
1085,2020-12-27,2020,12,27,76022,1,89.1975,USA
1085,2020-12-27,2020,12,27,77378,1,89.1975,USA
1085,2020-12-27,2020,12,27,78040,1,89.1975,USA
1085,2020-12-27,2020,12,27,78552,1,89.1975,USA
1085,2020-12-27,2020,12,27,85337,2,178.395,USA
1085,2020-12-27,2020,12,27,89131,1,89.1975,USA
1085,2020-12-27,2020,12,27,90650,1,89.1975,USA
1085,2020-12-27,2020,12,27,90755,1,89.1975,USA
1085,2020-12-27,2020,12,27,92591,1,89.1975,USA
1085,2020-12-27,2020,12,27,93210,2,178.395,USA
1085,2020-12-27,2020,12,27,94505,1,89.1975,USA
1085,2020-12-27,2020,12,27,95212,1,89.1975,USA
1085,2020-12-27,2020,12,27,95954,1,89.1975,USA
1085,2020-12-28,2020,12,28,20678,1,89.1975,USA
1085,2020-12-28,2020,12,28,29720,1,89.1975,USA
1085,2020-12-28,2020,12,28,39042,1,89.1975,USA
1085,2020-12-28,2020,12,28,47834,1,86.5725,USA
1085,2020-12-28,2020,12,28,58104,1,89.1975,USA
1085,2020-12-28,2020,12,28,71235,1,89.1975,USA
1085,2020-12-28,2020,12,28,84020,1,89.1975,USA
1085,2020-12-28,2020,12,28,92040,2,178.395,USA
1085,2020-12-28,2020,12,28,92653,1,89.1975,USA
1085,2020-12-28,2020,12,28,93635,1,89.1975,USA
1085,2020-12-28,2020,12,28,95358,2,178.395,USA
1085,2020-12-29,2020,12,29,32738,1,89.1975,USA
1085,2020-12-29,2020,12,29,33186,1,86.5725,USA
1085,2020-12-29,2020,12,29,38826,1,89.1975,USA
1085,2020-12-29,2020,12,29,50076,1,86.5725,USA
1085,2020-12-29,2020,12,29,70538,1,89.1975,USA
1085,2020-12-29,2020,12,29,70645,1,89.1975,USA
1085,2020-12-29,2020,12,29,73521,1,89.1975,USA
1085,2020-12-29,2020,12,29,76092,1,89.1975,USA
1085,2020-12-29,2020,12,29,85014,1,89.1975,USA
1085,2020-12-29,2020,12,29,85022,1,89.1975,USA
1085,2020-12-29,2020,12,29,86314,1,89.1975,USA
1085,2020-12-29,2020,12,29,91360,1,89.1975,USA
1085,2020-12-29,2020,12,29,93536,2,178.395,USA
1086,2018-09-30,2018,9,30,32351,1,83.9475,USA
1086,2018-09-30,2018,9,30,42764,1,83.9475,USA
1086,2018-09-30,2018,9,30,84014,2,167.895,USA
1086,2018-09-30,2018,9,30,92592,1,83.9475,USA
1086,2018-10-01,2018,10,1,89131,1,89.1975,USA
1086,2018-10-01,2018,10,1,91762,1,83.9475,USA
1086,2018-10-01,2018,10,1,92532,2,167.895,USA
1086,2018-10-02,2018,10,2,26505,1,83.9475,USA
1086,2018-10-03,2018,10,3,91360,1,83.9475,USA
1086,2018-10-06,2018,10,6,6281,1,83.9475,USA
1086,2018-10-08,2018,10,8,92651,1,83.9475,USA
1086,2018-10-09,2018,10,9,8804,1,83.9475,USA
1086,2018-10-09,2018,10,9,32926,1,83.9475,USA
1086,2018-10-14,2018,10,14,47834,1,89.1975,USA
1086,2018-10-15,2018,10,15,21797,1,83.9475,USA
1086,2018-10-16,2018,10,16,7642,1,83.9475,USA
1086,2018-10-16,2018,10,16,19904,1,83.9475,USA
1086,2018-10-16,2018,10,16,74006,1,83.9475,USA
1086,2018-10-16,2018,10,16,94580,1,83.9475,USA
1086,2018-10-17,2018,10,17,93543,1,83.9475,USA
1086,2018-10-20,2018,10,20,64024,1,83.9475,USA
1086,2018-10-20,2018,10,20,95008,1,89.1975,USA
1086,2018-10-21,2018,10,21,55113,1,83.9475,USA
1086,2018-10-21,2018,10,21,92584,1,83.9475,USA
1086,2018-10-22,2018,10,22,2747,1,83.9475,USA
1086,2018-10-22,2018,10,22,2790,1,83.9475,USA
1086,2018-10-22,2018,10,22,21791,1,89.1975,USA
1086,2018-10-22,2018,10,22,35905,1,83.9475,USA
1086,2018-10-24,2018,10,24,56058,1,83.9475,USA
1086,2018-10-24,2018,10,24,86046,1,83.9475,USA
1086,2018-10-27,2018,10,27,95667,1,83.9475,USA
1086,2018-10-28,2018,10,28,97124,1,83.9475,USA
1086,2018-10-29,2018,10,29,36345,1,83.9475,USA
1086,2018-10-29,2018,10,29,77375,1,83.9475,USA
1086,2018-10-29,2018,10,29,78414,1,83.9475,USA
1086,2018-10-30,2018,10,30,34737,1,83.9475,USA
1086,2018-10-30,2018,10,30,39744,1,89.1975,USA
1086,2018-10-31,2018,10,31,6029,1,83.9475,USA
1086,2018-10-31,2018,10,31,39110,1,83.9475,USA
1086,2018-10-31,2018,10,31,56169,1,83.9475,USA
1086,2018-10-31,2018,10,31,76055,1,83.9475,USA
1086,2018-11-03,2018,11,3,41224,1,83.9475,USA
1086,2018-11-03,2018,11,3,73010,1,83.9475,USA
1086,2018-11-04,2018,11,4,32043,1,83.9475,USA
1086,2018-11-05,2018,11,5,50201,1,83.9475,USA
1086,2018-11-05,2018,11,5,76053,1,84.0,USA
1086,2018-11-05,2018,11,5,92646,1,83.9475,USA
1086,2018-11-06,2018,11,6,1095,1,83.9475,USA
1086,2018-11-06,2018,11,6,6419,1,83.9475,USA
1086,2018-11-06,2018,11,6,46552,1,83.9475,USA
1086,2018-11-07,2018,11,7,33905,2,167.895,USA
1086,2018-11-07,2018,11,7,33909,1,83.9475,USA
1086,2018-11-07,2018,11,7,34120,1,89.1975,USA
1086,2018-11-10,2018,11,10,35173,1,83.9475,USA
1086,2018-11-10,2018,11,10,89147,1,83.9475,USA
1086,2018-11-11,2018,11,11,25053,1,89.1975,USA
1086,2018-11-11,2018,11,11,47334,1,83.9475,USA
1086,2018-11-11,2018,11,11,47586,1,89.1975,USA
1086,2018-11-11,2018,11,11,53032,1,83.9475,USA
1086,2018-11-11,2018,11,11,77450,2,167.895,USA
1086,2018-11-12,2018,11,12,70586,1,89.1975,USA
1086,2018-11-12,2018,11,12,77504,1,83.9475,USA
1086,2018-11-13,2018,11,13,50056,1,83.9475,USA
1086,2018-11-13,2018,11,13,72103,1,83.9475,USA
1086,2018-11-13,2018,11,13,84067,1,83.9475,USA
1086,2018-11-17,2018,11,17,91767,1,83.9475,USA
1086,2018-11-19,2018,11,19,8510,1,83.9475,USA
1086,2018-11-19,2018,11,19,29445,1,83.9475,USA
1086,2018-11-20,2018,11,20,20646,2,167.895,USA
1086,2018-11-20,2018,11,20,72762,1,83.9475,USA
1086,2018-11-20,2018,11,20,85139,1,83.9475,USA
1086,2018-11-20,2018,11,20,92508,1,83.9475,USA
1086,2018-11-24,2018,11,24,84790,1,83.9475,USA
1086,2018-11-24,2018,11,24,92557,1,83.9475,USA
1086,2018-11-25,2018,11,25,92553,1,83.9475,USA
1086,2018-11-26,2018,11,26,91326,1,83.9475,USA
1086,2018-11-26,2018,11,26,92883,1,83.9475,USA
1086,2018-11-26,2018,11,26,93448,1,83.9475,USA
1086,2018-12-01,2018,12,1,29649,1,83.9475,USA
1086,2018-12-01,2018,12,1,37397,1,83.9475,USA
1086,2018-12-01,2018,12,1,38482,1,83.9475,USA
1086,2018-12-01,2018,12,1,76904,1,83.9475,USA
1086,2017-06-20,2017,6,20,71360,1,84.0,USA
1086,2017-06-20,2017,6,20,94598,1,89.1975,USA
1086,2017-06-20,2017,6,20,95482,1,89.1975,USA
1086,2017-06-21,2017,6,21,29334,1,84.0,USA
1086,2017-06-21,2017,6,21,35565,1,84.0,USA
1086,2017-06-21,2017,6,21,55304,1,84.0,USA
1086,2017-06-25,2017,6,25,21401,1,84.0,USA
1086,2017-06-25,2017,6,25,82001,1,84.0,USA
1086,2017-06-26,2017,6,26,29803,1,84.0,USA
1086,2017-06-26,2017,6,26,95403,1,89.1975,USA
1086,2017-06-28,2017,6,28,8062,1,84.0,USA
1086,2017-06-28,2017,6,28,38006,1,84.0,USA
1086,2017-07-01,2017,7,1,92019,1,89.1975,USA
1086,2017-07-02,2017,7,2,99705,1,84.0,USA
1086,2017-07-08,2017,7,8,84010,2,178.395,USA
1086,2017-07-08,2017,7,8,95376,1,89.1975,USA
1086,2017-07-08,2017,7,8,97304,1,84.0,USA
1086,2017-07-11,2017,7,11,6379,1,84.0,USA
1086,2017-07-11,2017,7,11,20878,1,84.0,USA
1086,2017-07-12,2017,7,12,29440,1,84.0,USA
1086,2017-07-12,2017,7,12,59864,1,84.0,USA
1086,2017-07-15,2017,7,15,37397,1,84.0,USA
1086,2017-07-15,2017,7,15,59912,1,84.0,USA
1086,2017-07-15,2017,7,15,86406,1,89.1975,USA
1086,2017-07-15,2017,7,15,91710,1,89.1975,USA
1086,2017-07-15,2017,7,15,93727,1,89.1975,USA
1086,2017-07-17,2017,7,17,94025,1,89.1975,USA
1086,2017-07-18,2017,7,18,91710,1,89.1975,USA
1086,2017-07-19,2017,7,19,21502,1,84.0,USA
1086,2017-07-22,2017,7,22,2780,1,84.0,USA
1086,2017-07-22,2017,7,22,64461,1,84.0,USA
1086,2017-07-23,2017,7,23,85048,1,89.1975,USA
1086,2017-07-25,2017,7,25,56101,1,84.0,USA
1086,2017-07-25,2017,7,25,95076,1,89.1975,USA
1086,2017-07-29,2017,7,29,68901,1,84.0,USA
1086,2017-07-29,2017,7,29,91205,1,89.1975,USA
1086,2017-07-30,2017,7,30,77018,1,84.0,USA
1086,2017-07-31,2017,7,31,53150,1,84.0,USA
1086,2017-07-31,2017,7,31,64084,1,84.0,USA
1086,2017-07-31,2017,7,31,72034,1,84.0,USA
1086,2017-08-01,2017,8,1,2648,1,84.0,USA
1086,2017-08-01,2017,8,1,77616,1,84.0,USA
1086,2017-08-01,2017,8,1,85719,1,89.1975,USA
1086,2017-08-02,2017,8,2,95678,1,89.1975,USA
1086,2017-08-07,2017,8,7,84037,1,89.1975,USA
1086,2017-08-12,2017,8,12,72034,1,84.0,USA
1086,2017-08-13,2017,8,13,55092,1,84.0,USA
1086,2017-08-13,2017,8,13,78233,1,84.0,USA
1086,2017-08-14,2017,8,14,91406,1,89.1975,USA
1086,2017-08-15,2017,8,15,36041,1,84.0,USA
1086,2017-08-15,2017,8,15,92065,1,89.1975,USA
1086,2017-08-16,2017,8,16,20776,1,89.1975,USA
1086,2017-08-16,2017,8,16,95828,1,89.1975,USA
1086,2017-08-19,2017,8,19,6067,1,89.1975,USA
1086,2017-08-19,2017,8,19,25565,1,89.1975,USA
1086,2017-08-19,2017,8,19,37716,1,84.0,USA
1086,2017-08-19,2017,8,19,92677,1,89.1975,USA
1086,2017-08-19,2017,8,19,95633,1,89.1975,USA
1086,2017-08-23,2017,8,23,92675,1,89.1975,USA
1086,2017-08-26,2017,8,26,29154,1,84.0,USA
1086,2017-08-26,2017,8,26,32583,1,84.0,USA
1086,2017-08-26,2017,8,26,39666,1,84.0,USA
1086,2017-08-26,2017,8,26,41042,1,89.1975,USA
1086,2017-08-26,2017,8,26,92407,1,89.1975,USA
1086,2017-08-27,2017,8,27,92324,1,89.1975,USA
1086,2017-08-28,2017,8,28,67871,1,89.1975,USA
1086,2017-08-28,2017,8,28,83716,1,84.0,USA
1086,2017-08-29,2017,8,29,33844,1,84.0,USA
1086,2017-08-29,2017,8,29,93065,1,89.1975,USA
1086,2017-08-30,2017,8,30,92084,1,89.1975,USA
1086,2017-09-03,2017,9,3,29135,1,84.0,USA
1086,2017-09-03,2017,9,3,77541,1,89.1975,USA
1086,2017-09-03,2017,9,3,78026,1,89.1975,USA
1086,2017-09-03,2017,9,3,92886,1,89.1975,USA
1086,2017-09-04,2017,9,4,1535,1,84.0,USA
1086,2017-09-05,2017,9,5,93551,1,89.1975,USA
1086,2017-09-09,2017,9,9,95636,1,89.1975,USA
1086,2017-09-11,2017,9,11,34990,1,84.0,USA
1081,2015-07-05,2015,7,5,1020,1,228.3225,USA
1081,2015-07-10,2015,7,10,7838,1,228.3225,USA
1081,2015-07-25,2015,7,25,55331,1,230.9475,USA
1081,2015-07-26,2015,7,26,32526,1,228.3225,USA
